-- ✅ Airbnb Clone - Seed Data
-- File: seed.sql

-- ============================
-- USERS
-- ============================
INSERT INTO users (user_id, first_name, last_name, email, password_hash, phone_number, role)
VALUES
  ('11111111-1111-1111-1111-111111111111', 'Alice', 'Johnson', 'alice@example.com', 'hashed_pw1', '1234567890', 'guest'),
  ('22222222-2222-2222-2222-222222222222', 'Bob', 'Smith', 'bob@example.com', 'hashed_pw2', '0987654321', 'host'),
  ('33333333-3333-3333-3333-333333333333', 'Carol', 'Lee', 'carol@example.com', 'hashed_pw3', '1122334455', 'admin');

-- ============================
-- PROPERTIES
-- ============================
INSERT INTO properties (property_id, host_id, name, description, location, price_per_night)
VALUES
  ('aaaaaaa1-aaaa-aaaa-aaaa-aaaaaaaaaaaa', '22222222-2222-2222-2222-222222222222', 'Ocean View Apartment', 'A cozy place near the beach.', 'Miami, FL', 150.00),
  ('aaaaaaa2-aaaa-aaaa-aaaa-aaaaaaaaaaaa', '22222222-2222-2222-2222-222222222222', 'Mountain Retreat', 'Escape to the mountains.', 'Denver, CO', 200.00);

-- ============================
-- BOOKINGS
-- ============================
INSERT INTO bookings (booking_id, property_id, user_id, start_date, end_date, total_price, status)
VALUES
  ('bbbbbbb1-bbbb-bbbb-bbbb-bbbbbbbbbbbb', 'aaaaaaa1-aaaa-aaaa-aaaa-aaaaaaaaaaaa', '11111111-1111-1111-1111-111111111111', '2025-07-01', '2025-07-05', 600.00, 'confirmed'),
  ('bbbbbbb2-bbbb-bbbb-bbbb-bbbbbbbbbbbb', 'aaaaaaa2-aaaa-aaaa-aaaa-aaaaaaaaaaaa', '11111111-1111-1111-1111-111111111111', '2025-08-10', '2025-08-12', 400.00, 'pending');

-- ============================
-- PAYMENTS
-- ============================
INSERT INTO payments (payment_id, booking_id, amount, payment_method)
VALUES
  ('ccccccc1-cccc-cccc-cccc-cccccccccccc', 'bbbbbbb1-bbbb-bbbb-bbbb-bbbbbbbbbbbb', 600.00, 'credit_card'),
  ('ccccccc2-cccc-cccc-cccc-cccccccccccc', 'bbbbbbb2-bbbb-bbbb-bbbb-bbbbbbbbbbbb', 400.00, 'paypal');

-- ============================
-- REVIEWS
-- ============================
INSERT INTO reviews (review_id, property_id, user_id, rating, comment)
VALUES
  ('ddddddd1-dddd-dddd-dddd-dddddddddddd', 'aaaaaaa1-aaaa-aaaa-aaaa-aaaaaaaaaaaa', '11111111-1111-1111-1111-111111111111', 5, 'Amazing stay! Super clean and close to the beach.'),
  ('ddddddd2-dddd-dddd-dddd-dddddddddddd', 'aaaaaaa2-aaaa-aaaa-aaaa-aaaaaaaaaaaa', '11111111-1111-1111-1111-111111111111', 4, 'Great location, a bit cold at night.');

-- ============================
-- MESSAGES
-- ============================
INSERT INTO messages (message_id, sender_id, recipient_id, message_body)
VALUES
  ('eeeeeee1-eeee-eeee-eeee-eeeeeeeeeeee', '11111111-1111-1111-1111-111111111111', '22222222-2222-2222-2222-222222222222', 'Hi, is the property available for early check-in?'),
  ('eeeeeee2-eeee-eeee-eeee-eeeeeeeeeeee', '22222222-2222-2222-2222-222222222222', '11111111-1111-1111-1111-111111111111', 'Yes, you can check in after 12 PM.');
